Link Name,Center of Mass X,Center of Mass Y,Center of Mass Z,Center of Mass Roll,Center of Mass Pitch,Center of Mass Yaw,Mass,Moment Ixx,Moment Ixy,Moment Ixz,Moment Iyy,Moment Iyz,Moment Izz,Visual X,Visual Y,Visual Z,Visual Roll,Visual Pitch,Visual Yaw,Mesh Filename,Color Red,Color Green,Color Blue,Color Alpha,Collision X,Collision Y,Collision Z,Collision Roll,Collision Pitch,Collision Yaw,Collision Mesh Filename,Material Name,SW Components,Coordinate System,Axis Name,Joint Name,Joint Type,Joint Origin X,Joint Origin Y,Joint Origin Z,Joint Origin Roll,Joint Origin Pitch,Joint Origin Yaw,Parent,Joint Axis X,Joint Axis Y,Joint Axis Z,Limit Effort,Limit Velocity,Limit Lower,Limit Upper,Calibration rising,Calibration falling,Dynamics Damping,Dynamics Friction,Safety Soft Upper,Safety Soft Lower,Safety K Position,Safety K Velocity
pelvis,0.0034870801712249,0.00014923839473334,0.00495228211728436,0,0,0,1.40006096467302,0.0122488029675377,-3.88657720552253E-06,2.93276303277528E-06,0.00781898680793438,-9.35567229650028E-06,0.00674219327247553,0,0,0,0,0,0,package://Robot3/meshes/pelvis.STL,0.658823529411765,0.619607843137255,0.56078431372549,1,0,0,0,0,0,0,package://Robot3/meshes/pelvis.STL,,pelvis-1/胯部连杆-1;pelvis-1/胯部连杆2-1;pelvis-1/髋pitch限位-3;pelvis-1/LGB／T119-2000圆柱销A型4×10-2;pelvis-1/RMD-X10-P20-200 电机组合图（金刚版）-1;pelvis-1/RMD-X15-P20-450 电机组合图-1;pelvis-1/髋侧摆限位块2-1;pelvis-1/散热风扇60-60-10-24V-1;pelvis-1/RMD-X15-P20-450 电机组合图-4;pelvis-1/髋侧摆限位块2-3;pelvis-1/髋pitch限位-1,pelvis,,,,0,0,0,0,0,0,,0,0,0,,,,,,,,,,,,
left_hip_pitch_link,-0.000895316769022636,0.0302978462138487,-0.00880968633689006,0,0,0,0.692305264002191,0.00226550541727888,-0.00015332814742625,0.000124458266889606,0.00232823456681974,-0.000455403152750476,0.0010989462515664,0,0,0,0,0,0,package://Robot3/meshes/left_hip_pitch_link.STL,0.658823529411765,0.619607843137255,0.56078431372549,1,0,0,0,0,0,0,package://Robot3/meshes/left_hip_pitch_link.STL,,pelvis-1/Mirror髋侧摆法兰-3;pelvis-1/Mirror髋侧摆骨架-3;pelvis-1/RMD-X12-320 250913-3;pelvis-1/髋侧摆限位块-3,left_hip_pitch_joint,left_hip_pitch_line,left_hip_pitch_joint,continuous,0,0.104600954900078,-0.0465713456321795,-0.418879020478645,0,0,pelvis,0,1,0,450,6.8,-142.5,142.5,,,,,,,,
left_hip_roll_link,0.0440972280423503,0.000189013519863723,-0.0176862471024743,0,0,0,0.334712201577771,0.000567537850310957,9.37968107563807E-06,-6.45126659834855E-06,0.000503080718375552,1.23646157788998E-07,0.000735318117723709,0,0,0,0,0,0,package://Robot3/meshes/left_hip_roll_link.STL,0.658823529411765,0.619607843137255,0.56078431372549,1,0,0,0,0,0,0,package://Robot3/meshes/left_hip_roll_link.STL,,pelvis-1/Mirror髋旋连杆1-4;pelvis-1/RMD-X8-120 250913-4;pelvis-1/侧摆输入连杆1-3,left_hip_roll_joint,left_hip_roll_line,left_hip_roll_joint,continuous,-0.0612000000001746,0.0620175128099172,-0.0768476913855653,0.418879020478645,0,0,left_hip_pitch_link,-1,0,0,320,10.47,-22,120,,,,,,,,
left_hip_yaw_link,0.0118950105550647,-0.0098668023838354,-0.207575066013102,0,0,0,3.12444182136955,0.0362266044270049,-4.9980010299098E-05,-0.000979777989212715,0.0395912157494457,-5.11501313044833E-05,0.00648872207516737,0,0,0,0,0,0,package://Robot3/meshes/left_hip_yaw_link.STL,0.752941176470588,0.752941176470588,0.752941176470588,1,0,0,0,0,0,0,package://Robot3/meshes/left_hip_yaw_link.STL,,L大腿组件-2,left_hip_yaw_joint,left_hip_yaw_line,left_hip_yaw_joint,continuous,0.0612000000000005,0,-0.0780000000000024,0,0,0,left_hip_roll_link,0,0,1,120,13.299,-155,155,,,,,,,,
left_knee_link,0.0126473727543272,-0.000261786551251975,-0.208291798646595,0,0,0,2.35440789381609,0.025388463063685,-3.64338472504167E-07,0.000542521859147983,0.0248233407805041,-1.91151936469443E-05,0.00189690259003626,0,0,0,0,0,0,package://Robot3/meshes/left_knee_link.STL,0.898039215686275,0.917647058823529,0.929411764705882,1,0,0,0,0,0,0,package://Robot3/meshes/left_knee_link.STL,,L小腿骨架4-3;踝关节连杆1-1-3;踝关节连杆2-2-7;踝关节曲柄2-5;踝关节曲柄2-6;踝关节限位1-17;踝关节限位2-5;踝关节限位2-6;RMD-X6-P20-60 电机组合图-5;RMD-X6-P20-60 电机组合图-6;BNN51-GEG8C-21;BNN51-GEG8C-22;hexagon socket button head screws gb-29;踝关节限位1-18;BNN01-GE12C-17;BNN01-GE12C-19;hexagon socket button head screws gb-32;hexagon socket head cap screws gb-106;TBH11-d5-L40-4;hexagon socket button head screws gb-31;hexagon socket button head screws gb-30,left_knee_joint,left_knee_line,left_knee_joint,continuous,0,-0.000249999999996919,-0.371999999999714,0,0,0,left_hip_yaw_link,0,1,0,450,6.8,-135,0,,,,,,,,
left_ankle_pitch_link,-1.41373823902702E-07,3.67283872896307E-05,-3.01326505747213E-07,0,0,0,0.016546422935989,1.54582341871372E-06,-4.63551972997543E-11,-9.34460227539996E-11,2.50366117258742E-06,-1.40108652373608E-10,3.50591901655677E-06,0,0,0,0,0,0,package://Robot3/meshes/left_ankle_pitch_link.STL,0.752941176470588,0.752941176470588,0.752941176470588,1,0,0,0,0,0,0,package://Robot3/meshes/left_ankle_pitch_link.STL,,LM十字轴组件-4,left_ankle_pitch_joint,left_ankle_pitch_line,left_ankle_pitch_joint,continuous,0,0.000250000000000139,-0.415,0,0,0,left_knee_link,0,1,0,90,16,0.93,0.93,,,,,,,,
left_ankle_roll_link,0.0529675719130262,-9.23790247608913E-06,-0.0427357929642018,0,0,0,1.10979273678729,0.000742778539910607,3.00547352532467E-09,-8.99702540277709E-06,0.00384578263870784,-3.56848296696511E-10,0.00450885100212511,0,0,0,0,0,0,package://Robot3/meshes/left_ankle_roll_link.STL,0.752941176470588,0.752941176470588,0.752941176470588,1,0,0,0,0,0,0,package://Robot3/meshes/left_ankle_roll_link.STL,,LF脚2-4,left_ankle_roll_joint,left_ankle_roll_line,left_ankle_roll_joint,continuous,0,0,0,0,0,0,left_ankle_pitch_link,1,0,0,90,16,-0.35,0.35,,,,,,,,
right_hip_pitch_link,-0.000893693389983158,-0.0302965051859129,-0.00880848137358405,0,0,0,0.692283102667822,0.00226557946246664,0.000153305941349195,0.000124488199905061,0.00232824450085443,0.000455545579136513,0.00109902601353522,0,0,0,0,0,0,package://Robot3/meshes/right_hip_pitch_link.STL,0.658823529411765,0.619607843137255,0.56078431372549,1,0,0,0,0,0,0,package://Robot3/meshes/right_hip_pitch_link.STL,,pelvis-1/髋侧摆法兰-1;pelvis-1/髋侧摆骨架-1;pelvis-1/RMD-X12-320 250913-1;pelvis-1/髋侧摆限位块-1,right_hip_pitch_joint,right_hip_pitch_line,right_hip_pitch_joint,continuous,0,-0.104600954900078,-0.0465713456321795,0.418879020478645,0,0,pelvis,0,-1,0,450,6.8,-142.5,142.5,,,,,,,,
right_hip_roll_link,0.0440967948841425,-0.000188668551224541,-0.0176863870996717,0,0,0,0.334707993478141,0.000567542592010516,-9.37785390006794E-06,-6.45257988686553E-06,0.000503068097233405,-1.2125042657032E-07,0.000735310487719838,0,0,0,0,0,0,package://Robot3/meshes/right_hip_roll_link.STL,0.658823529411765,0.619607843137255,0.56078431372549,1,0,0,0,0,0,0,package://Robot3/meshes/right_hip_roll_link.STL,,pelvis-1/侧摆输入连杆1-1;pelvis-1/髋旋连杆1-1;pelvis-1/RMD-X8-120 250913-1,right_hip_roll_joint,right_hip_roll_line,right_hip_roll_joint,continuous,-0.0611999999997853,-0.0620175128103015,-0.0768476913855654,-0.418879020478645,0,0,right_hip_pitch_link,1,0,0,320,10.47,-22,120,,,,,,,,
right_hip_yaw_link,0.0119058284535017,0.00991348165196189,-0.207589377262525,0,0,0,3.12762237902784,0.0362259055219025,4.99789255965767E-05,-0.00097483573090404,0.0395903750691801,5.13091797413339E-05,0.00648856652114833,0,0,0,0,0,0,package://Robot3/meshes/right_hip_yaw_link.STL,0.752941176470588,0.752941176470588,0.752941176470588,1,0,0,0,0,0,0,package://Robot3/meshes/right_hip_yaw_link.STL,,D_leg-1,right_hip_yaw_joint,right_hip_yaw_line,right_hip_yaw_joint,continuous,0.0612000000000005,0,-0.0780000000000024,0,0,0,right_hip_roll_link,0,0,1,120,13.299,-155,155,,,,,,,,
right_knee_link,0.0126464174746771,0.000262011134352702,-0.208289058813121,0,0,0,2.35433212772563,0.0253877103450249,3.6564946561828E-07,0.000542629638688472,0.0248219292683518,2.13031580724789E-05,0.00189738906684144,0,0,0,0,0,0,package://Robot3/meshes/right_knee_link.STL,0.898039215686275,0.917647058823529,0.929411764705882,1,0,0,0,0,0,0,package://Robot3/meshes/right_knee_link.STL,,小腿骨架4-1;踝关节连杆1-1-1;踝关节连杆2-2-5;踝关节曲柄2-1;踝关节曲柄2-2;BNN01-GE12C-18;踝关节限位1-13;踝关节限位1-14;踝关节限位2-1;踝关节限位2-2;RMD-X6-P20-60 电机组合图-2;RMD-X6-P20-60 电机组合图-1;hexagon socket button head screws gb-21;BNN51-GEG8C-15;BNN51-GEG8C-16;BNN01-GE12C-14;hexagon socket button head screws gb-22;hexagon socket button head screws gb-23;TBH11-d5-L40-3;hexagon socket head cap screws gb-104;hexagon socket button head screws gb-27,right_knee_joint,right_knee_line,right_knee_joint,continuous,0,0.000249999999996919,-0.371999999999714,0,0,0,right_hip_yaw_link,0,-1,0,450,6.8,-135,0,,,,,,,,
right_ankle_pitch_link,-1.20919842424655E-07,-3.67604778050701E-05,-3.09532357078979E-07,0,0,0,0.129061786149251,1.2057559726531E-05,3.11919955936807E-10,-8.14750629949211E-10,1.95285574976964E-05,1.14438339997736E-09,2.73462310630225E-05,0,0,0,0,0,0,package://Robot3/meshes/right_ankle_pitch_link.STL,0.752941176470588,0.752941176470588,0.752941176470588,1,0,0,0,0,0,0,package://Robot3/meshes/right_ankle_pitch_link.STL,,十字轴组件-2,right_ankle_pitch_joint,right_ankle_pitch_line,right_ankle_pitch_joint,continuous,0,-0.000250000000000139,-0.415,0,0,0,right_knee_link,0,1,0,90,16,-0.93,0.93,,,,,,,,
right_ankle_roll_link,0.052883206353832,8.56104856863937E-06,-0.0411849712673051,0,0,0,1.17823659910918,0.000753444688590209,-4.66773741048326E-08,-8.99658885634953E-06,0.00385057915179356,4.633470152628E-10,0.00451685484010546,0,0,0,0,0,0,package://Robot3/meshes/right_ankle_roll_link.STL,0.752941176470588,0.752941176470588,0.752941176470588,1,0,0,0,0,0,0,package://Robot3/meshes/right_ankle_roll_link.STL,,脚2-3,right_ankle_roll_joint,right_ankle_roll_line,right_ankle_roll_joint,continuous,0,0,0,0,0,0,right_ankle_pitch_link,1,0,0,90,16,-0.35,0.35,,,,,,,,
waist_yaw_link,-0.00924865025291023,3.56042717987718E-05,0.152717183652112,0,0,0,4.08967030299828,0.0086799740922844,-1.93148681777935E-05,-1.91675733624421E-08,0.015327951001204,-1.62645336055581E-05,0.0177464368036577,0,0,0,0,0,0,package://Robot3/meshes/waist_yaw_link.STL,0.831372549019608,0.815686274509804,0.8,1,0,0,0,0,0,0,package://Robot3/meshes/waist_yaw_link.STL,,xiong-1;R_arm-3/URDF0003-1;R_arm-1/URDF0003-1;Head-1/TOU-JIZUO_9-1;Head-1/CRA-RI30-40-PRO-3-0001_7-1,waist_yaw_joint,waist_yaw_line,waist_yaw_joint,continuous,0,0,0.114499999999999,0,0,0,pelvis,0,0,-1,200,7.75,-2.58,2.58,,,,,,,,
left_shoulder_pitch_link,-0.00381711202438625,0.0535986596339425,-0.000179407027848411,0,0,0,1.26417516510964,0.00250413825093041,-0.000316283904685072,-4.15799611494102E-06,0.00213839787311672,4.56954330504233E-06,0.00237021511652746,0,0,0,0,0,0,package://Robot3/meshes/left_shoulder_pitch_link.STL,0.898039215686275,0.917647058823529,0.929411764705882,1,0,0,0,0,0,0,package://Robot3/meshes/left_shoulder_pitch_link.STL,,R_arm-3/URDF0004_ASM-1/0001-1;R_arm-3/URDF0004_ASM-1/CRA-RI80-97-PRO-3U0001-1,left_shoulder_pitch_joint,left_shoulder_pitch_line,left_shoulder_pitch_joint,continuous,-0.0199999999999946,0.194,0.278500000000005,0,0,0,waist_yaw_link,0,-1,0,0,0,-3.107,3.107,,,,,,,,
left_shoulder_roll_link,-0.00293273157560965,-5.04054375451424E-05,-0.0736650639785357,0,0,0,1.06216163334611,0.00344538467809683,-9.74237137981457E-07,-0.000106402634300908,0.00332088907965436,-5.67025432689024E-08,0.0018927346243372,0,0,0,0,0,0,package://Robot3/meshes/left_shoulder_roll_link.STL,0.898039215686275,0.917647058823529,0.929411764705882,1,0,0,0,0,0,0,package://Robot3/meshes/left_shoulder_roll_link.STL,,R_arm-3/URDF0005_ASM-1/URDF0006-1;R_arm-3/URDF0005_ASM-1/CRA-RI70-80-PRO-3U0001-1,left_shoulder_roll_joint,left_shoulder_roll_line,left_shoulder_roll_joint,continuous,0,0.071,0,0,0,0,left_shoulder_pitch_link,1,0,0,0,0,-0.436,3.107,,,,,,,,
left_shoulder_yaw_link,0.0028591,-3.6992E-06,-0.10947,0,0,0,2.2112,0.0051579,-4.693E-07,-3.2232E-05,0.0049469,1.2896E-07,0.0021003,0,0,0,0,0,0,package://Robot3/meshes/left_shoulder_yaw_link.STL,0.89804,0.91765,0.92941,1,0,0,0,0,0,0,package://Robot3/meshes/left_shoulder_yaw_link.STL,,R_arm-3/4GUANJIEJIATIURDF-1,left_shoulder_yaw_joint,left_shoulder_yaw_line,left_shoulder_yaw_joint,continuous,0,0,-0.154,0,0,0,left_shoulder_roll_link,0,0,1,99,9,-3.107,3.107,,,,,,,,
left_elbow_link,-0.0413522326843095,-1.93116904971258E-05,-0.0322487843477342,0,0,0,0.532949279233443,0.000554133431435402,2.04346373615621E-08,2.54691878685085E-05,0.000575393340478346,-3.6767158173524E-07,0.000546335029310274,0,0,0,0,0,0,package://Robot3/meshes/left_elbow_link.STL,0.898039215686275,0.917647058823529,0.929411764705882,1,0,0,0,0,0,0,package://Robot3/meshes/left_elbow_link.STL,,R_arm-3/5GUANJIEJIANHUAURDF_ASM-1/5GUANJIEKUANGJIA-1;R_arm-3/5GUANJIEJIANHUAURDF_ASM-1/CRA-RI60-70-PRO-UR0001-1,left_elbow_joint,left_elbow_line,left_elbow_joint,continuous,0.043302,0,-0.24884,0,0,0,left_shoulder_yaw_link,0,-1,0,9,9,0,2.269,,,,,,,,
left_wrist_roll_link,-0.000320664780851153,0.00236279690586005,-0.141355689641856,0,0,0,0.584138151018828,0.000768684721074936,-3.82098851705002E-07,-4.40616869875617E-08,0.000792105993395109,5.01222378228975E-05,0.000169591571270747,0,0,0,0,0,0,package://Robot3/meshes/left_wrist_roll_link.STL,0.898039215686275,0.917647058823529,0.929411764705882,1,0,0,0,0,0,0,package://Robot3/meshes/left_wrist_roll_link.STL,,R_arm-3/6GUANJEI_ASM-1/6GUANJIEWAIKE-1;R_arm-3/6GUANJEI_ASM-1/600NJIANHAU-2;R_arm-3/6GUANJEI_ASM-1/600NJIANHAU-1,left_wrist_roll_joint,left_wrist_roll_line,left_wrist_roll_joint,continuous,-0.043302,0,0.0098379,0,0,0,left_elbow_link,0,0,-1,9,9,-3.107,3.107,,,,,,,,
left_wrist_pitch_link,-0.000293307444640775,-0.0119804243867283,-8.16662176217342E-08,0,0,0,0.00180056325288054,6.65222228842983E-08,-9.47470981588381E-13,-9.32638420451083E-13,9.10530477676511E-08,5.01818491939234E-13,1.43656660909834E-07,0,0,0,0,0,0,package://Robot3/meshes/left_wrist_pitch_link.STL,1,1,1,1,0,0,0,0,0,0,package://Robot3/meshes/left_wrist_pitch_link.STL,,R_arm-3/6GUANJEI_ASM-1/SHIZIZHOU-WAN-1,left_wrist_pitch_joint,left_wrist_pitch_line,left_wrist_pitch_joint,continuous,0,0.020999999999951,-0.239300000000004,0,0,0,left_wrist_roll_link,0,-1,0,9,9,-1.309,1.309,,,,,,,,
left_wrist_yaw_link,0.000120796485683781,-0.00392893074396961,-0.0339292278416675,0,0,0,0.0867975711667407,2.389599065265E-05,1.86100214358177E-07,8.71302001273183E-08,2.05442818768703E-05,-2.27778553669684E-06,3.23207088973522E-05,0,0,0,0,0,0,package://Robot3/meshes/left_wrist_yaw_link.STL,0.898039215686275,0.917647058823529,0.929411764705882,1,0,0,0,0,0,0,package://Robot3/meshes/left_wrist_yaw_link.STL,,R_arm-3/7GUANJIE_ASM-1/7GUANJIEZHIJIA-1;R_arm-3/7GUANJIE_ASM-1/0002-1,left_wrist_yaw_joint,left_wrist_yaw_line,left_wrist_yaw_joint,continuous,0,-0.015,0,0,0,0,left_wrist_pitch_link,-1,0,0,9,9,-0.524,0.524,,,,,,,,
right_shoulder_pitch_link,-0.00381711196080803,-0.0535986626840293,-0.000179257456675963,0,0,0,1.26417508332187,0.00250413829496737,0.000316283913797191,-4.16291564000716E-06,0.00213839795165241,-4.56946453409626E-06,0.00237021510466283,0,0,0,0,0,0,package://Robot3/meshes/right_shoulder_pitch_link.STL,0.898039215686275,0.917647058823529,0.929411764705882,1,0,0,0,0,0,0,package://Robot3/meshes/right_shoulder_pitch_link.STL,,R_arm-1/URDF0004_ASM-1/0001-1;R_arm-1/URDF0004_ASM-1/CRA-RI80-97-PRO-3U0001-1,right_shoulder_pitch_joint,right_shoulder_pitch_line,right_shoulder_pitch_joint,continuous,-0.0199999999999946,-0.194,0.278500000000005,0,0,0,waist_yaw_link,0,1,0,9,9,-3.107,3.107,,,,,,,,
right_shoulder_roll_link,-0.00293246152795418,4.9764033167421E-05,-0.0736639229472643,0,0,0,1.06217853179148,0.00344546338715921,1.00528466851181E-06,-0.000106404540042102,0.00332094064562636,5.37986627609316E-08,0.00189277086158167,0,0,0,0,0,0,package://Robot3/meshes/right_shoulder_roll_link.STL,0.898039215686275,0.917647058823529,0.929411764705882,1,0,0,0,0,0,0,package://Robot3/meshes/right_shoulder_roll_link.STL,,R_arm-1/URDF0005_ASM-1/URDF0006-1;R_arm-1/URDF0005_ASM-1/CRA-RI70-80-PRO-3U0001-1,right_shoulder_roll_joint,right_shoulder_roll_line,right_shoulder_roll_joint,continuous,0,-0.071,0,0,0,0,right_shoulder_pitch_link,1,0,0,9,9,-0.436,3.107,,,,,,,,
right_shoulder_yaw_link,0.00285912029951315,-3.69918364895305E-06,-0.10946812885872,0,0,0,2.21118521129007,0.00515786035357461,-4.69297743500451E-07,-3.22322062126355E-05,0.00494687579849453,1.28957967670338E-07,0.00210033253013716,0,0,0,0,0,0,package://Robot3/meshes/right_shoulder_yaw_link.STL,0.898039215686275,0.917647058823529,0.929411764705882,1,0,0,0,0,0,0,package://Robot3/meshes/right_shoulder_yaw_link.STL,,R_arm-1/4GUANJIEJIATIURDF-1,right_shoulder_yaw_joint,right_shoulder_yaw_line,right_shoulder_yaw_joint,continuous,0,0,-0.154,0,0,0,right_shoulder_roll_link,0,0,1,9,9,-3.107,3.107,,,,,,,,
right_elbow_link,-0.041352231722842,1.93110132507002E-05,-0.0322487864893189,0,0,0,0.53294923600517,0.00055413336970523,-2.0440596991689E-08,2.54691909210324E-05,0.000575393313874754,3.67662743534779E-07,0.000546334992714619,0,0,0,0,0,0,package://Robot3/meshes/right_elbow_link.STL,0.898039215686275,0.917647058823529,0.929411764705882,1,0,0,0,0,0,0,package://Robot3/meshes/right_elbow_link.STL,,R_arm-1/5GUANJIEJIANHUAURDF_ASM-1/5GUANJIEKUANGJIA-1;R_arm-1/5GUANJIEJIANHUAURDF_ASM-1/CRA-RI60-70-PRO-UR0001-1,right_elbow_joint,right_elbow_line,right_elbow_joint,continuous,0.0433022212703591,0,-0.248837901901985,0,0,0,right_shoulder_yaw_link,0,1,0,9,9,0,2.269,,,,,,,,
right_wrist_roll_link,2.73435289760288E-05,-0.002362797041293,-0.141355689957068,0,0,0,0.58413815034826,0.000768684725011216,-3.82099058792917E-07,4.40596089599495E-08,0.00079210599858709,-5.0122238093894E-05,0.000169591571435223,0,0,0,0,0,0,package://Robot3/meshes/right_wrist_roll_link.STL,0.898039215686275,0.917647058823529,0.929411764705882,1,0,0,0,0,0,0,package://Robot3/meshes/right_wrist_roll_link.STL,,R_arm-1/6GUANJEI_ASM-1/6GUANJIEWAIKE-1;R_arm-1/6GUANJEI_ASM-1/600NJIANHAU-1;R_arm-1/6GUANJEI_ASM-1/600NJIANHAU-2,right_wrist_roll_joint,right_wrist_roll_line,right_wrist_roll_joint,continuous,-0.043302222155956,0,0.00983790190196345,0,0,0,right_elbow_link,0,0,-1,9,9,-3.107,3.107,,,,,,,,
right_wrist_pitch_link,-1.55490803843694E-08,0.0119804243867284,-8.16662175107119E-08,0,0,0,0.00180056325288055,6.65222228842984E-08,-9.4747098156406E-13,9.32638438844315E-13,9.10530477676512E-08,-5.01818491929456E-13,1.43656660909834E-07,0,0,0,0,0,0,package://Robot3/meshes/right_wrist_pitch_link.STL,1,1,1,1,0,0,0,0,0,0,package://Robot3/meshes/right_wrist_pitch_link.STL,,R_arm-1/6GUANJEI_ASM-1/SHIZIZHOU-WAN-1,right_wrist_pitch_joint,right_wrist_pitch_line,right_wrist_pitch_joint,continuous,0,-0.020999999999951,-0.239300000000004,0,0,0,right_wrist_roll_link,0,1,0,9,9,-1.309,1.309,,,,,,,,
right_wrist_yaw_joint,0.000120798029479268,0.00392893049214649,-0.0339292297891967,0,0,0,0.0867975559922009,2.38959854861458E-05,-1.8609783687507E-07,8.71297130372091E-08,2.05442802336693E-05,2.27778752910659E-06,3.232070141195E-05,0,0,0,0,0,0,package://Robot3/meshes/right_wrist_yaw_joint.STL,0.898039215686275,0.917647058823529,0.929411764705882,1,0,0,0,0,0,0,package://Robot3/meshes/right_wrist_yaw_joint.STL,,R_arm-1/7GUANJIE_ASM-1/7GUANJIEZHIJIA-1;R_arm-1/7GUANJIE_ASM-1/0002-1,right_wrist_yaw_joint,right_wrist_yaw_line,right_wrist_yaw_joint,continuous,0,0.015,0,0,0,0,right_wrist_pitch_link,-1,0,0,9,9,-0.524,0.524,,,,,,,,
head_yaw_link,0.0525382841183898,4.43622577714564E-05,0.0274536376135714,0,0,0,0.0311403586092824,1.41100865317985E-05,-5.03921710485071E-08,8.37309624532314E-06,3.04631729846906E-05,-2.68558991795934E-08,2.48068440657055E-05,0,0,0,0,0,0,package://Robot3/meshes/head_yaw_link.STL,1,1,1,1,0,0,0,0,0,0,package://Robot3/meshes/head_yaw_link.STL,,Head-1/TOU-LIANGAN1_10-1;Head-1/TOU-LIANGAN2_6-1;Head-1/GB276-619-5_8_ASM-2/GB276-619-5_8_2-1;Head-1/GB276-619-5_8_ASM-2/GB276-619-5_8_3-1;Head-1/GB276-619-5_8_ASM-2/GB276-619-5_8_4-1;Head-1/GB276-619-5_8_ASM-2/GB276-619-5_8_5-1;Head-1/GB276-619-5_8_ASM-2/GB276-619-5_8_6-1;Head-1/GB276-619-5_8_ASM-2/GB276-619-5_8_7-1;Head-1/GB276-619-5_8_ASM-2/GB276-619-5_8_8-1;Head-1/GB276-619-5_8_ASM-2/GB276-619-5_8_9-1;Head-1/GB276-619-5_8_ASM-2/GB276-619-5_8_10-1;Head-1/GB276-619-5_8_ASM-2/GB276-619-5_8_1-1;Head-1/GB276-619-5_8_ASM-4/GB276-619-5_8_1-1;Head-1/GB276-619-5_8_ASM-4/GB276-619-5_8_2-1;Head-1/GB276-619-5_8_ASM-4/GB276-619-5_8_6-1;Head-1/GB276-619-5_8_ASM-4/GB276-619-5_8_5-1;Head-1/GB276-619-5_8_ASM-4/GB276-619-5_8_4-1;Head-1/GB276-619-5_8_ASM-4/GB276-619-5_8_3-1;Head-1/GB276-619-5_8_ASM-4/GB276-619-5_8_10-1;Head-1/GB276-619-5_8_ASM-4/GB276-619-5_8_9-1;Head-1/GB276-619-5_8_ASM-4/GB276-619-5_8_8-1;Head-1/GB276-619-5_8_ASM-4/GB276-619-5_8_7-1,head_yaw_joint,head_yaw_line,head_yaw_joint,continuous,-0.0147999999999994,0,0.404,0,0,0,waist_yaw_link,0,0,1,4.8,4.712,-2.793,2.793,,,,,,,,
head_roll_link,1.01669209308375E-07,1.1787010486409E-07,-1.49251722092458E-11,0,0,0,0.00135343057214226,4.56853522404691E-08,1.42620160998129E-15,2.53816532211893E-14,6.06386461300147E-08,1.81617836792631E-13,9.9953028026111E-08,0,0,0,0,0,0,package://Robot3/meshes/head_roll_link.STL,1,1,1,1,0,0,0,0,0,0,package://Robot3/meshes/head_roll_link.STL,,Head-1/TOU-SHIZIZHOU1_12-1,head_roll_joint,head_roll_line,head_roll_joint,continuous,0.0613,0,0.0590000000000001,0,0,0,head_yaw_link,1,0,0,4.8,4.712,-0.524,0.524,,,,,,,,
head_pitch_link,0.0491311933127935,5.27060614287774E-05,0.0711199622084139,0,0,0,0.167752284226564,0.000180822603305174,-8.9938550744879E-07,-1.87784053717797E-06,5.40357048748397E-05,-5.57657491529453E-08,0.000163660797811646,0,0,0,0,0,0,package://Robot3/meshes/head_pitch_link.STL,1,1,1,1,0,0,0,0,0,0,package://Robot3/meshes/head_pitch_link.STL,,Head-1/LIANGAN4-TOU-NEW_6-1;Head-1/CRA-RI30-40-PRO-3-0001_7-2;Head-1/TOU-LIANGAN4_8-1;Head-1/60001_ASM_12_ASM-1/TOU-LIANGAN6_11-1;Head-1/50001_ASM_9_ASM-1/TOU-LIANGAN5_9-1;Head-1/50001_ASM_9_ASM-1/_AF100_ASM_6_ASM-1/600_6-1;Head-1/GE4YABAN_4-3;Head-1/GE4YABAN_4-2;Head-1/50001_ASM_9_ASM-1/_AF000_ASM_6_ASM-1/00_6-1;Head-1/50001_ASM_9_ASM-1/_AF000_ASM_6_ASM-1/600_6-1;Head-1/GE4YABAN_4-1;Head-1/60001_ASM_12_ASM-1/_AF200_ASM_6_ASM-1/600_6-1;Head-1/60001_ASM_12_ASM-1/_AF200_ASM_6_ASM-1/00_6-1;Head-1/TOUXIANWEI_7-2;Head-1/CRA-RI30-40-PRO-3-0001_7-3;Head-1/SHEXIANGTOUZHIJIA-TOU_11-1;Head-1/TOU-LIANGAN4_8-3;Head-1/TOUXIANWEI_7-1;Head-1/TOU-LIANGAN4_8-2;Head-1/60001_ASM_12_ASM-1/_AF300_ASM_6_ASM-1/600_6-1;Head-1/GE4YABAN_4-4;Head-1/60001_ASM_12_ASM-1/_AF300_ASM_6_ASM-1/00_6-1;Head-1/335LG_7_ASM-1/335LG_7_10-1;Head-1/335LG_7_ASM-1/335LG_7_9-1;Head-1/335LG_7_ASM-1/335LG_7_8-1;Head-1/335LG_7_ASM-1/335LG_7_ASM-0-1;Head-1/335LG_7_ASM-1/335LG_7_21-1;Head-1/50001_ASM_9_ASM-1/_AF100_ASM_6_ASM-1/00_6-1,head_pitch_joint,head_pitch_line,head_pitch_joint,continuous,0,0,0,0,0,0,head_roll_link,0,1,0,4.8,4.712,-0.524,0.524,,,,,,,,
imu_in_torso_link,0,0,0,0,0,0,0,0,0,0,0,0,0,0,0,0,0,0,0,package://Robot3/meshes/imu_in_torso_link.STL,1,1,1,1,0,0,0,0,0,0,package://Robot3/meshes/imu_in_torso_link.STL,,pelvis-1/YIS320-1,imu_in_torso_joint,Axis_imu,imu_in_torso_joint,fixed,0.0754,0,0.1045,0,0,0,pelvis,0,0,-1,,,,,,,,,,,,
